mean radius,mean texture,mean perimeter,mean area,mean smoothness,mean compactness,mean concavity,mean concave points,mean symmetry,mean fractal dimension,radius error,texture error,perimeter error,area error,smoothness error,compactness error,concavity error,concave points error,symmetry error,fractal dimension error,worst radius,worst texture,worst perimeter,worst area,worst smoothness,worst compactness,worst concavity,worst concave points,worst symmetry,worst fractal dimension
12.47,18.6,81.09,481.9,0.09965,0.1058,0.08005,0.03821,0.1925,0.06373,0.3961,1.044,2.497,30.29,0.006953,0.01911,0.02701,0.01037,0.01782,0.003586,14.97,24.64,96.05,677.9,0.1426,0.2378,0.2671,0.1015,0.3014,0.0875
18.94,21.31,123.6,1130.0,0.09009,0.1029,0.108,0.07951,0.1582,0.05461,0.7888,0.7975,5.486,96.05,0.004444,0.01652,0.02269,0.0137,0.01386,0.001698,24.86,26.58,165.9,1866.0,0.1193,0.2336,0.2687,0.1789,0.2551,0.06589
15.46,19.48,101.7,748.9,0.1092,0.1223,0.1466,0.08087,0.1931,0.05796,0.4743,0.7859,3.094,48.31,0.00624,0.01484,0.02813,0.01093,0.01397,0.002461,19.26,26.0,124.9,1156.0,0.1546,0.2394,0.3791,0.1514,0.2837,0.08019
12.4,17.68,81.47,467.8,0.1054,0.1316,0.07741,0.02799,0.1811,0.07102,0.1767,1.46,2.204,15.43,0.01,0.03295,0.04861,0.01167,0.02187,0.006005,12.88,22.91,89.61,515.8,0.145,0.2629,0.2403,0.0737,0.2556,0.09359
11.54,14.44,74.65,402.9,0.09984,0.112,0.06737,0.02594,0.1818,0.06782,0.2784,1.768,1.628,20.86,0.01215,0.04112,0.05553,0.01494,0.0184,0.005512,12.26,19.68,78.78,457.8,0.1345,0.2118,0.1797,0.06918,0.2329,0.08134
20.6,29.33,140.1,1265.0,0.1178,0.277,0.3514,0.152,0.2397,0.07016,0.726,1.595,5.772,86.22,0.006522,0.06158,0.07117,0.01664,0.02324,0.006185,25.74,39.42,184.6,1821.0,0.165,0.8681,0.9387,0.265,0.4087,0.124
22.01,21.9,147.2,1482.0,0.1063,0.1954,0.2448,0.1501,0.1824,0.0614,1.008,0.6999,7.561,130.2,0.003978,0.02821,0.03576,0.01471,0.01518,0.003796,27.66,25.8,195.0,2227.0,0.1294,0.3885,0.4756,0.2432,0.2741,0.08574
17.57,15.05,115.0,955.1,0.09847,0.1157,0.09875,0.07953,0.1739,0.06149,0.6003,0.8225,4.655,61.1,0.005627,0.03033,0.03407,0.01354,0.01925,0.003742,20.01,19.52,134.9,1227.0,0.1255,0.2812,0.2489,0.1456,0.2756,0.07919
13.34,15.86,86.49,520.0,0.1078,0.1535,0.1169,0.06987,0.1942,0.06902,0.286,1.016,1.535,12.96,0.006794,0.03575,0.0398,0.01383,0.02134,0.004603,15.53,23.19,96.66,614.9,0.1536,0.4791,0.4858,0.1708,0.3527,0.1016
13.9,16.62,88.97,599.4,0.06828,0.05319,0.02224,0.01339,0.1813,0.05536,0.1555,0.5762,1.392,14.03,0.003308,0.01315,0.009904,0.004832,0.01316,0.002095,15.14,21.8,101.2,718.9,0.09384,0.2006,0.1384,0.06222,0.2679,0.07698
13.21,25.25,84.1,537.9,0.08791,0.05205,0.02772,0.02068,0.1619,0.05584,0.2084,1.35,1.314,17.58,0.005768,0.008082,0.0151,0.006451,0.01347,0.001828,14.35,34.23,91.29,632.9,0.1289,0.1063,0.139,0.06005,0.2444,0.06788
16.78,18.8,109.3,886.3,0.08865,0.09182,0.08422,0.06576,0.1893,0.05534,0.599,1.391,4.129,67.34,0.006123,0.0247,0.02626,0.01604,0.02091,0.003493,20.05,26.3,130.7,1260.0,0.1168,0.2119,0.2318,0.1474,0.281,0.07228
14.97,19.76,95.5,690.2,0.08421,0.05352,0.01947,0.01939,0.1515,0.05266,0.184,1.065,1.286,16.64,0.003634,0.007983,0.008268,0.006432,0.01924,0.00152,15.98,25.82,102.3,782.1,0.1045,0.09995,0.0775,0.05754,0.2646,0.06085
16.26,21.88,107.5,826.8,0.1165,0.1283,0.1799,0.07981,0.1869,0.06532,0.5706,1.457,2.961,57.72,0.01056,0.03756,0.05839,0.01186,0.04022,0.006187,17.73,25.21,113.7,975.2,0.1426,0.2116,0.3344,0.1047,0.2736,0.07953
12.34,12.27,78.94,468.5,0.09003,0.06307,0.02958,0.02647,0.1689,0.05808,0.1166,0.4957,0.7714,8.955,0.003681,0.009169,0.008732,0.00574,0.01129,0.001366,13.61,19.27,87.22,564.9,0.1292,0.2074,0.1791,0.107,0.311,0.07592
19.1,26.29,129.1,1132.0,0.1215,0.1791,0.1937,0.1469,0.1634,0.07224,0.519,2.91,5.801,67.1,0.007545,0.0605,0.02134,0.01843,0.03056,0.01039,20.33,32.72,141.3,1298.0,0.1392,0.2817,0.2432,0.1841,0.2311,0.09203
14.81,14.7,94.66,680.7,0.08472,0.05016,0.03416,0.02541,0.1659,0.05348,0.2182,0.6232,1.677,20.72,0.006708,0.01197,0.01482,0.01056,0.0158,0.001779,15.61,17.58,101.7,760.2,0.1139,0.1011,0.1101,0.07955,0.2334,0.06142
10.16,19.59,64.73,311.7,0.1003,0.07504,0.005025,0.01116,0.1791,0.06331,0.2441,2.09,1.648,16.8,0.01291,0.02222,0.004174,0.007082,0.02572,0.002278,10.65,22.88,67.88,347.3,0.1265,0.12,0.01005,0.02232,0.2262,0.06742
6.981,13.43,43.79,143.5,0.117,0.07568,0.0,0.0,0.193,0.07818,0.2241,1.508,1.553,9.833,0.01019,0.01084,0.0,0.0,0.02659,0.0041,7.93,19.54,50.41,185.2,0.1584,0.1202,0.0,0.0,0.2932,0.09382
20.55,20.86,137.8,1308.0,0.1046,0.1739,0.2085,0.1322,0.2127,0.06251,0.6986,0.9901,4.706,87.78,0.004578,0.02616,0.04005,0.01421,0.01948,0.002689,24.3,25.48,160.2,1809.0,0.1268,0.3135,0.4433,0.2148,0.3077,0.07569
13.8,15.79,90.43,584.1,0.1007,0.128,0.07789,0.05069,0.1662,0.06566,0.2787,0.6205,1.957,23.35,0.004717,0.02065,0.01759,0.009206,0.0122,0.00313,16.57,20.86,110.3,812.4,0.1411,0.3542,0.2779,0.1383,0.2589,0.103
12.1,17.72,78.07,446.2,0.1029,0.09758,0.04783,0.03326,0.1937,0.06161,0.2841,1.652,1.869,22.22,0.008146,0.01631,0.01843,0.007513,0.02015,0.001798,13.56,25.8,88.33,559.5,0.1432,0.1773,0.1603,0.06266,0.3049,0.07081
21.61,22.28,144.4,1407.0,0.1167,0.2087,0.281,0.1562,0.2162,0.06606,0.6242,0.9209,4.158,80.99,0.005215,0.03726,0.04718,0.01288,0.02045,0.004028,26.23,28.74,172.0,2081.0,0.1502,0.5717,0.7053,0.2422,0.3828,0.1007
10.03,21.28,63.19,307.3,0.08117,0.03912,0.00247,0.005159,0.163,0.06439,0.1851,1.341,1.184,11.6,0.005724,0.005697,0.002074,0.003527,0.01445,0.002411,11.11,28.94,69.92,376.3,0.1126,0.07094,0.01235,0.02579,0.2349,0.08061
11.6,24.49,74.23,417.2,0.07474,0.05688,0.01974,0.01313,0.1935,0.05878,0.2512,1.786,1.961,18.21,0.006122,0.02337,0.01596,0.006998,0.03194,0.002211,12.44,31.62,81.39,476.5,0.09545,0.1361,0.07239,0.04815,0.3244,0.06745
13.53,10.94,87.91,559.2,0.1291,0.1047,0.06877,0.06556,0.2403,0.06641,0.4101,1.014,2.652,32.65,0.0134,0.02839,0.01162,0.008239,0.02572,0.006164,14.08,12.49,91.36,605.5,0.1451,0.1379,0.08539,0.07407,0.271,0.07191
13.28,13.72,85.79,541.8,0.08363,0.08575,0.05077,0.02864,0.1617,0.05594,0.1833,0.5308,1.592,15.26,0.004271,0.02073,0.02828,0.008468,0.01461,0.002613,14.24,17.37,96.59,623.7,0.1166,0.2685,0.2866,0.09173,0.2736,0.0732
10.29,27.61,65.67,321.4,0.0903,0.07658,0.05999,0.02738,0.1593,0.06127,0.2199,2.239,1.437,14.46,0.01205,0.02736,0.04804,0.01721,0.01843,0.004938,10.84,34.91,69.57,357.6,0.1384,0.171,0.2,0.09127,0.2226,0.08283
12.76,18.84,81.87,496.6,0.09676,0.07952,0.02688,0.01781,0.1759,0.06183,0.2213,1.285,1.535,17.26,0.005608,0.01646,0.01529,0.009997,0.01909,0.002133,13.75,25.99,87.82,579.7,0.1298,0.1839,0.1255,0.08312,0.2744,0.07238
